{"assets/images/PCimage1.jpg":["assets/images/PCimage1.jpg"],"assets/images/PCimage2.jpg":["assets/images/PCimage2.jpg"],"assets/images/QRcode.png":["assets/images/QRcode.png"],"assets/images/erweima.png":["assets/images/erweima.png"],"assets/images/file.jpg":["assets/images/file.jpg"],"assets/images/folder.jpg":["assets/images/folder.jpg"],"assets/images/folder.png":["assets/images/folder.png"],"assets/images/logo-100.png":["assets/images/logo-100.png"],"assets/images/logo-300.png":["assets/images/logo-300.png"],"assets/images/pdf.jpg":["assets/images/pdf.jpg"],"assets/images/person.jpg":["assets/images/person.jpg"],"assets/images/pic.jpg":["assets/images/pic.jpg"],"assets/images/video.jpg":["assets/images/video.jpg"],"assets/images/wifi.flr":["assets/images/wifi.flr"],"assets/images/word.jpg":["assets/images/word.jpg"],"packages/cupertino_icons/assets/CupertinoIcons.ttf":["packages/cupertino_icons/assets/CupertinoIcons.ttf"],"packages/fluttertoast/assets/toastify.css":["packages/fluttertoast/assets/toastify.css"],"packages/fluttertoast/assets/toastify.js":["packages/fluttertoast/assets/toastify.js"],"packages/wakelock_web/assets/no_sleep.js":["packages/wakelock_web/assets/no_sleep.js"]}